model,MAE,RMSE,MAPE(%)
Holt-Winters,1177.0698482255,1664.4560339612428,611.6275384391005
SARIMAX,1008.6450812943775,1671.3366740968133,428.01348570753095
