model,MAE,RMSE,MAPE(%)
Holt-Winters,4375.853124049973,5160.851659295086,439.3868198306354
SARIMAX,4054.370159633993,4851.411412875977,385.9272626625013
