model,MAE,RMSE,MAPE(%)
Holt-Winters,2939.6550780372454,3485.337061003102,406.4514952979937
SARIMAX,6513.430028598816,6981.401479021053,784.1323766170908
