{
  "best_model": "Ridge",
  "leaderboard": [
    {
      "model": "Ridge",
      "MAE": 4967.005169416559,
      "RMSE": 8160.538467819899,
      "MAPE(%)": 284.6296982522628,
      "sMAPE(%)": 62.65960935882335
    },
    {
      "model": "RandomForest",
      "MAE": 5244.211606204381,
      "RMSE": 8556.258304455065,
      "MAPE(%)": 283.6214042281947,
      "sMAPE(%)": 61.38692173432611
    },
    {
      "model": "XGBoost",
      "MAE": 5643.535242452134,
      "RMSE": 9556.974830796553,
      "MAPE(%)": 312.2668076758285,
      "sMAPE(%)": 62.4299982433492
    }
  ],
  "run_id": "20260308_125549"
}