model,MAE,RMSE,MAPE(%)
Holt-Winters,5371.522515750551,6549.458206903816,190.56416573112426
SARIMAX,4184.046662438949,5435.277198214186,128.91626683799785
