{
  "best_model": "RandomForest",
  "leaderboard": [
    {
      "model": "RandomForest",
      "MAE": 15182.08652777778,
      "RMSE": 19463.697541950572,
      "MAPE(%)": 39.58990369408171,
      "sMAPE(%)": 27.94711144849375
    },
    {
      "model": "XGBoost",
      "MAE": 15754.531167200854,
      "RMSE": 20552.373218318677,
      "MAPE(%)": 42.760134878711455,
      "sMAPE(%)": 28.643647868107173
    },
    {
      "model": "Ridge",
      "MAE": 24086.505193463778,
      "RMSE": 28373.25528072259,
      "MAPE(%)": 68.08152014587847,
      "sMAPE(%)": 39.71681209629948
    }
  ],
  "run_id": "20260308_125532"
}