model,MAE,RMSE,MAPE(%)
Holt-Winters,16266.298663075224,21186.586452214888,56.12839393881088
SARIMAX,17142.609314276928,20971.310593838425,64.89228044321446
